"Submission ID","Respondent ID","Submitted at","Untitled short answer field","Your email","Describe your position, including how long ago you founded the agency and a brief snapshot of your previous positions (headline bio). 

","
What has influenced you most (people, books, life factors and so on)?

","
What is your greatest life achievement?

","
What one thing, more than anything else, do you want to accomplish in this business before you get out?

","Describe your company as a sports team.&nbsp; Who are your key players and how much are they paid?

","Can you describe the corporate structure of your organization? Who is the CEO? Who is responsible for Finance, Technology, Marketing/Sales, and Strategy/Creative/Operations?","What are your goals (as owner/founder/s)?

","Describe the full ownership structure, cap table, and compensation (Salary totals and disbursements) 

","What is the power structure? Please consider communication style(s), whether hands-on/hands-off, regarding management, who the key decision-makers are, and so on.&nbsp; 

","Explain, realistically, how much more business you can add without having to add any more people, equipment, service or space.

","What are your ultimate goals for the business - personally and professionally?

","Explain where all your time is being spent versus where it should be spent. 

","How do you describe your agency to someone outside the industry? Ie. The jargon-free version.

","What’s the one thing your agency does better than anyone else?

","What percentage of revenue is COGS (that doesn’t include employees but does include outside contractors and other similar expenses)?

","How much cash does the company generally keep in the bank to feel comfortable?","What are your top three biggest expenses each month?","Where does most of your business come from? Can you provide a breakdown of the major service areas and how much revenue each of these drives per month?","What does a client get when they work with your agency?

","What makes your agency better than the competition? Why does a prospect choose to purchase from your agency vs. another?","What products or services would you like to offer, but you don't have the capabilities right now?","Can you describe your top three or four biggest competitors?","Can you describe the vision for your agency in the next three years? Please describe the services that you would add or the employees and skills that you would need to adjust.","Describe the typical sales cycle to close a sale, from generating the lead through to a close.

","How do you track your pipeline right now?","How many active deals do you have in the pipeline right now?","What do you do with prospects that do not close?","What do you consider to be a healthy pipeline for your agency? Please describe the number of deals or the amount of deals at any one point in time.","Can you describe your top four client testimonials/case studies that you always reference in the sales cycle?","After a deal closes, how do you collect the first payment, and what are typically the terms (due on receipt, net 30)?","Can you describe who is responsible for leading the sales process?","Can you describe where the majority of your leads get surfaced from?","Describe the company's marketing philosophy.

","Describe every successful advertising, selling or marketing program you have engaged in for the last three years that has worked.

","Do you have a marketing budget? How much and on what do you regularly spend?

","Describe who runs your marketing efforts?","Can you upload a recent proposal that won a deal?","Can you upload a services presentation or agency overview slide deck that you would show to a prospect?","Other than the owners and founders, who are your top two or three key employees and why?","What is your employee churn rate?

","How do you pay employees (biweekly, bimonthly)?","What payroll processing software or company do you use?","Can you describe how you handle performance reviews and how often employees get raises?","Do you have job descriptions and roles established? If so, how are these documented?","Do you have any employee performance issues?","Do you offer employee benefits, and if so, can you describe them?","Do you have an employee handbook, and how often is it updated?","Do you have any key freelancers or contractors that you typically leverage regularly?","How do you track projects?","How do you track the performance of each employee?","How do you know if employees are using their time efficiently?","How do you determine if you have resource constraints and need to hire?","How do employees communicate regularly? Do you use email, Slack, or something else?","Can you describe how your teams meet on a regular basis? Are there daily, weekly, or other types of cadences involved?","Do you have SOPs in place? If so, how are these documented?","Who in the agency acts as the main point of contact for each client?","What software do you use to invoice clients and collect payments?","How do you manage late payments from clients? Do you have a follow-up process? Is there someone on your team responsible for this process?","What are your typical payment terms?","As an owner or founder, have you ever stepped away from the business for more than two weeks? If so, how did you manage the company while stepping away?"
"aQly8Kq","MeXzdkX","2025-10-20 02:09:48","Treistan","","asdfk","influe","life","get out","paid","ops","","","","","","","","","","","","","","","","","","","","","","","","","","","","","","","","","","","","","","","","","","","","","","","","","","","","","",""
"NpOzvDb","rj5rE7X","2025-10-21 23:27:54","John Corcoran","john@Rise25.com","Answer from John: I’m Co-Founder of Rise25, which I co-founded in 2016 with Dr. Jeremy Weisz. 
Before that, I owned my own law firm in Silicon Valley representing startups and small businesses. I also started a digital publishing business, centered around my podcast.  I’ve also hosted and produced over 1,500 podcast episodes on Smart Business Revolution and other podcasts.
In its early years, Rise25 was focused on hosting small group mastermind events around the country, often in partnership with business conferences. 
Around 2018, we had many clients asking for help with launching podcasts so we pivoted to focusing 100% on building a podcast company.  
Earlier in my career, I worked as a Writer in Presidential Letters and Messages at the White House in the Clinton years and as a speechwriter for the Governor of California.  


 Answer from Jeremy Weisz: Co-Founder of Rise25, which I co-founded in 2016 with John Corcoran. Before that, I owned a chiropractic and massage facility in Chicago. I started the INspiredINsider podcast in 2008. Prior to that, I was also Senior Producer for the very early successful business podcast, Mixergy, and started working with them in 2008. 
","John: I’ve been heavily influenced by entrepreneurial peers in EO San Francisco and mentors like Michael Port, Jason Swenk and Charles McGlashan. I also read and have been influenced by many business books such as The E-Myth Revisited, Built to Sell, and Scaling Up. I’m also influenced by my family and my kids, and the desire to create a business that helps more people to build amazing relationships with clients and referral partners using podcasts.

Jeremy: I have many influences and certain books like ""Never Split the Difference,"" ""Shoe Dog,"" and ""The Four Agreements"" come to mind. I listen to 2-5 books per week on Audible.
Yes, I listen to them at 2.5 speed, so I get through them.
I'm also an EO. I'm in EO Chicago, and I have a great network there of peers. I'm always a part of different masterminds because I believe in collaborating and just learning from others. So I've been in the Titans Mastermind for 7 years with Brian Kurtz. And other masterminds as well.
In addition, family is important. My dad has been an influence, and my grandfather has been a big influence. He was a Holocaust survivor, and I saw what he went through. That gives me a lot of my perspective on persistence and what persistence and survival really is. 
","John:  My kids. I have 4 kids between the ages of 15 and 6. They challenge and inspire me every day. I am proud to have been married to my wife for 20+ years. I am proud to have used a podcast to transition away from unhappily practicing law to a life of entrepreneurship which I have found fulfilling and interesting.  I am also proud to have built Rise25 into a seven-figure, fully remote agency that supports ~40 team members worldwide. I am proud of all of the clients who we have taught how to create a ROI-producing podcast and who have built amazing relationships with clients and referral partners through their podcasts. 

During law school, while I was working at a large corporate law firm, I rallied my classmates to donate a day of their summer salary to a public interest program to help pay expenses for other law students working in the public interest over the summer. 

Jeremy: My greatest life achievement is a tough one. I'll say there are a few categories. 
From the family one, parenting kids with my wife and trying to instill great values with them. 
From a health perspective, just staying on track with health goals is important because that allows me to stay healthy and work hard and have lots of energy. After I tore my meniscus a year ago, I started swimming and now I wake up really early in the morning and I swim about five miles a week and get up before everyone else is awake.
From a sports perspective... I played a lot of competitive travel baseball growing up and that really fueled my competitive nature and fueled my work ethic from an early age. We played 60+ games in a summer and I was a catcher and caught almost every game.  
From a business perspective, as John expressed - I am also proud to have built Rise25 into a seven-figure, fully remote agency that supports ~40 team members worldwide. 
","To transition Rise25 into becoming part of a larger company which is a leader, or THE leading provider of B2B podcast services and helping companies build amazing relationships. Our BHAG has always been to be the #1 Go-To provider for b2b companies that want to create a podcast.  I am excited to be a part of a larger team and to have more players on that team collaborating together to serve more clients. I believe we can deliver greater results for our clients with a larger team and more capabilities. 
","We operate more like a basketball team with no true superstar. I always disliked sports teams where there was one big superstar. Sure, we have key players, but we also have a lot of ""utility players"" who humbly get the job done without fanfare. 
John Corcoran (Co-CEO): Strategy & Growth — approximately $210K total comp


Dr. Jeremy Weisz (Co-CEO): Client Success & Marketing — approximately $210K total comp


Lead Account Executive: Approx $35K/year


Head Interviewer and Client Relations: ~$30K/year


Lead Developer: $1920/mo  


Head Editor: $18/hour  


","
CEO / Co-CEOs: John Corcoran & Dr. Jeremy Weisz


Finance: Controller/Bookkeeper; Fractional Financial advisor as needed. 


Technology: Lead Developer (“Podcast Co-Pilot” platform; Rise25 AI 2.0) + contract developers & AI/ML developers. 


Marketing/Sales: John & Jeremy lead with support from our Lead Interviewer and project managers  


Operations: we have a team approach where multiple remote project managers field customer support requests and follow through on project management tasks.


People Management: one project manager meets quarterly with all members of the team for one-on-one's.
"," We primarily focus on business development and expanding referral relationships and looking for opportunities to expand recurring revenue. 
Our goal is to do 24 workshops, talks or group presentations this calendar year and to keep revenue monthly churn rate at 2-4% per month. We have been positioning ourselves for a strategic merger or exit.
","John Corcoran – 50%


Dr. Jeremy Weisz – 50%
 Total owner compensation ≈ $360K (+$ profit distributions ~ $200K annual combined).


","Equal co-founder partnership. We meet weekly for our Level 10 meeting, and have multiple meetings throughout the week with the team (i.e. Referral partnerships meeting; weekly KPI meeting; weekly client relationship meeting, etc.). We collaborate on major decisions; each has autonomy in functional areas. For example, Jeremy tends to work more on overseeing the project management team and jokes he is the “SOP police.” John works more on special projects such as building out our Active Campaign long-term email indoctrination sequence or coordinating our live Dream 200 Partnerships Masterclass.  We have a pretty flat management structure and a lot of communication happens asynchronously via Slack or Clickup.","We could probably add 20% additional volume due to process automation and standardized SOPs without hiring new headcount. We have also been testing a less labor intensive offering through our Podcast CoPilot platform which would allow us to offer AI written show notes to clients a higher margin without adding significant headcount. There are certain offerings like our Strategic Gifting service and Cold email outreach which are fulfilled almost entirely with outside vendors so we could add more volume and we would not need to add much more people. 
"," From John Corcoran: Personal: While my kids are still young, I value being able to be present for them when they need me. I appreciate that much of our work can be done asynchronously and remotely so that if I need to pick up a kid who is sick from school, I can.
 
From Jeremy: personal - My ultimate personal goal is to maintain a location-independent lifestyle. After years of working as a chiropractor tied to an office, I deeply value the freedom of working remotely with a great team. When my kids graduate high school, my plan is to move to Arizona to continue working while escaping the Chicago winters and enjoying the flexibility this business provides.
Professional: We want to grow our company into the #1 provider of B2B podcasts so that when a B2B company thinks of starting a podcast, they think of us. Our company has been around $1.2M to $1.4M for a few years now and I'm excited by growth. I would love to be involved in running a $3M or $5M/year or $10M/year company. At the same time, I think we can operate more efficiently and increase the bottom line by integrating more software and AI in the years ahead.
","Currently ~60% on sales and business development, 30% on operations and mentoring / guiding the team, 10% on content. Ideal allocation would be 20% on sales and business development, 80% on mentoring/guiding the team.

As you know, we previously spent about 18 months reaching out to ~500 podcasting agencies about possibly doing an acquisition. We remain in touch with many of those agencies and could also reach back out to some of those agencies. 
"," Rise25 helps B2B companies get clients, referrals and strategic partners through done-for-you podcasts and content. We are the ""easy button"" for any business to start a podcast. ","Turning podcasts into ROI-driven relationship engines that produce clients and referrals, not just content. We are an easy button for the strategy and accountability and execution of a podcast.
","Between August 31, 2024 and August 31, 2025, our COGS was about 35%.","~ $110,000. We park some of the cash in an interest-earning account so we can put the money to work. We also have access to another ~$165K in a line of credit but we haven't needed that.","Contract labor (production/editing)


Owner distributions 


Software and platform subscriptions
","Done-for-you Podcast Production (~75%)


Cold Email Outreach (~10%)


Video Clips & Marketing Assets (~10%)


Miscellaneous (incl. referral commission income) (~5%)
","
 Complete done-for-you podcast production - we handle editing, show notes, publishing, guest outreach and marketing assets. Clients focus only on showing up to record.","Proven B2B ROI focus, strategic guest targeting (“Dream 200” method), a combined 30+ years of working with b2b companies on podcasts, and reputation for quality and relationship-driven results.","
 AI-assisted content repurposing, podcast-driven SEO and AEO services, and paid traffic amplification. We also have many clients who want to publish a book and audiobook. We have helped some clients with this, but we could do a lot more. 
","Sweet Fish Media, Fame, Lower Street, using someone ""in house"". "," Continue to develop our reputation as the go-to provider of done-for-you podcasting services for B2B businesses. Continue to add capabilities to the self-service SaaS platform (Podcast Co-Pilot). Increase profit margin by moving more writing and editing to AI and fulfilling more work utilizing software (i.e. AI-powered chatbot for customer support). Continue to SEO-optimize our website to attract more clients from SEO and AEO. 
","Lead → Discovery Call → Strategy Roadmap Calls (paid)  → Proposal → Close (7–21 days).","We primarily us Active Campaign and ClickUp as our CRM. We also have multiple meetings per week to review the deals in our pipeline as a team. ","Depends on how you determine them to be ""active."" We have 3 team meetings per week to go over our pipeline, which has over 1,000 deals at various stages. We have scheduled follow up dates for nearly all of these 1,000 deals. These are ""working meetings"" where we actively sending follow up messages to leads in our pipeline - via email, linkedin, text message, invites to appear on our podcasts, etc.  We have 24,332 contacts in our Active Campaign.","If they are a good prospect, we might invite them onto our podcasts or introduce them to one of our clients for them to be a guest on the client's podcast. We nurture them via manual email or text follow up and more passively via our email newsletter and physical newsletter. We stay top of mind with content we share on LinkedIn and podcasting channels.  For referral partners, we stay top of mind by communicating with them around the monthly referral commission deposit and via regular physical gifts we send in the mail, as well as involving them in collaborative podcast episodes."," 5-7 podcast interviews with prospects, clients or referral partners completed per week; 2-3 webinars or in-person presentations per month; ~10-15 Discovery or brainstorming calls booked per week; 4-6 paid Dream 200 Blueprints per month; 5-7 done for you podcast proposals sent per month. We track all of these KPIs closely.
","SAAS company: Landed a $2M client.


Ecomm focused agency: Closed $75K/mo pipeline from guest interviews.


Home Services Firm: Took content we created from the podcast and partnered with the legendary Michael E. Gerber to create a spinoff book as part of the E-Myth Revisited book series.


Legal Consultant: Got 3 Referrals & 1 Client Before He Recorded His First Interview.

All of these are at www.rise25.com/casestudies/ ","First, we sell our ""foot in the door"" which is ~$2,000. This gives them the roadmap for creating a podcast and it is paid in full in advance. Then they pay an onboarding fee (typically about $1500), followed by a recurring monthly subscription payment.","Jeremy and John jointly oversee the sales process, with one additional seller and 2 sales assistants.","Referrals from referral partners, organic content, EO networks, webinars/presentations, and cold email outreach.
","We give value first and build relationships that drive ROI. We market by demonstrating the power of podcasting itself. We interview prospects and referral partners and demonstrate what we do, which leads to better awareness and curiosity. We share that content widely which helps deepen the relationship with the guest and creates greater visibility for the guest and our company.","Our most successful marketing campaigns have been utilizing our own podcasts. We feature clients, prospective clients, referral partners and strategic partners, and we use our podcasts to get introductions from clients to others who fit our ICP. We also use our podcasts to do cold outreach to individuals who look like great prospects, especially inside of shared interest business communities we belong to (i.e. EO, Digital Agency Elite mastermind, Provisors, etc.). 

We also strategically invite our clients onto our own podcasts to educate our current clients about best practices they can utilize, to deepen relationships with current clients, to generate more referrals, and to explore other services we can deliver to those clients.  
Also effective for us has been doing in-person and virtual presentations (webinars) for various audiences, and it is something we would like to do more of. We have done 700+ webinars over the past 10+ years. 

Another effective strategy has been building up our email list and doing email marketing. We had around 75K email subscribers at our peak and we could refocus our energies back towards building up that channel again. 

We have also done cold email outreach and utilized an article strategy for outreach, where we feature cold prospects in articles which we publish. 

We also have a book (tentatively titled Predictable Podcast Profits) which is fully written and ready to be released. We have been waiting for the right time to release it.   

Of course, each of these projects require time and attention, and we would love to be able to  focus more attention on them in the future.  
"," ~5% of revenue ($60–70K annually) on podcast production for our own podcasts, content marketing, ads, and marketing automation tools.","John Corcoran and Dr. Jeremy Weisz, with assistance from the entire team. ","https://storage.tally.so/private/Dr.-Kim-Tran-Minnesota-Family-Chiropractic-Rise25-Done-For-You-proposal-PODCAST.pdf?id=j0aJ44&accessToken=eyJhbGciOiJIUzI1NiIsInR5cCI6IkpXVCJ9.eyJpZCI6ImowYUo0NCIsImZvcm1JZCI6IndvNGFMWCIsImlhdCI6MTc2ODQyMzI0NH0.I-nMY5E5MY768L9w32n-9ZXbZ9AzwCQt7jb-tahpcXE&signature=3bd086d30fc1aaf59b6bd5b7a26be80d17c9ceb2dbc29fe9b76876db2131cc1c","https://storage.tally.so/private/Rise25-New-Dream-200-Strategic-Partner-Blueprint-Introduction.pdf?id=z0xG6R&accessToken=eyJhbGciOiJIUzI1NiIsInR5cCI6IkpXVCJ9.eyJpZCI6InoweEc2UiIsImZvcm1JZCI6IndvNGFMWCIsImlhdCI6MTc2ODQyMzI0NH0.PP1dLyei2G5bzBC5IfFWxsjGtrcvxIQ_CdzrZR5N8DI&signature=1739247b81651ecd0d00e10ebd10ae925cc83e4be9330e84fff4df638348ae24","Lead Account Executive. Our Lead Account executive has 5 yrs agency experience with us. Previous to that, they managed a multi-location brick and mortar services business. We have been working together for about 5 years. 
Lead Interviewer. Our Lead Interviewer has about 5 yrs podcast experience and absolutely loves doing interviews. He has both an MBA and a Masters degree in journalism. He trains our clients how to conduct their interviewers. 


Lead Editor. Our Lead Editor has 15+ years experience as an editor and is very meticulous. 


Lead Developer. Our Lead Developer has 20+ years experience and has been with us for about 6 or 7 years now. She is a full stack developer with a wide range of abilities, including experience with SEO. 
","Under 5% annually","We pay twice per month (every other week). ","Gusto. We also use Wise for paying international contractors. ","We have one team member who does quarterly and annual reviews for the entire team, assisted by the department leader. We do not have a set schedule where team members have an expectation of raises as we would rather it be based on merit. ","Yes, they are maintained in ClickUp and in our JazzHR library. ","minimal, fortunately. We hire slowly and fire quickly where it is not a fit. We have multiple team members interview new hires before we extend an offer to ensure it is a fit before we hire them. ","One of the big benefits of working for us is we allow our team to do meaningful work on a flexible schedule, fully remote. Many of our team members have family members they need to care for and really prize the flexibility. Probably half of our team is working mothers who work hard and deeply appreciate the opportunity to be able to be part of a collaborative team and they can work around childcare responsibilities. 

We have a 'no assholes' policy so we will not tolerate working with anyone (either employees or clients) who we don't like working with. 

At the moment, our entire team is comprised of contractors, and we do not provide traditional benefits. We have had employees in the past. 

The only person who has health care benefits at the moment is Jeremy, and that was added only a few years ago. However, we have found for certain offshore staff, there are other benefits which we can provide which has yielded great loyalty and appreciation. So for particular team members, we guarantee them a certain amount of hours and a flat amount of pay which they can rely on. We also have certain team members who we provide a stipend to cover their home internet and/or their cell phone bill, and we have found this has led to great loyalty and appreciation. 

We also provide annual end of year (December) bonuses based on company performance, and access to additional online training. ","We do not have any employees at the moment. We have a written contractor agreement with all of our team members which they sign before starting work, and this serves functionally as our employee handbook. We also have certain information in our Sweet Process SOPs and in Clickup which could be considered a part of our employee handbook. ","Our entire team is composed of contractors, although many work on a permanent fixed amount per pay period and have done so consistently for years. Many of our team have worked a very stable and consistent amount of hours for us for years. We have a core team of 40+ across customer support/project management, editors, writers, finance and developers. We hire other freelancers or contractors on an as-needed basis (I.e. an AI/ML engineer, etc.). 
","ClickUp (central dashboard + automations). We have a daily standup meeting to discuss projects. ","ClickUp metrics and regular quarterly check-ins","Everyone on the team tracks their hours using Hubstaff to ensure visibility into how they are spending their time. We also have a weekly meeting where we review team hours and can look into automated screen capture if needed. We have two meetings a month to run payroll where we review certain key metrics from Hubstaff that indicate whether the worker was working efficiently. We are constantly checking in on how team members are performing different tasks and have a culture of encouraging our team to develop more efficient ways of getting work done.","We have regular meetings with members of the team to check in and see if we have capacity constraints and need to hire","Slack (primary), ClickUp comments, Zoom meetings","We follow the EOS and Scaling Up meeting models. We have a “Weekly meeting” twice per week - at the beginning and the end of the week - where we review all of the onboarding clients and key KPIs. Through this meeting, we keep tabs on all of the clients and their onboarding process, and the goal is to anticipate and surface any issues before they become big problems. 

We have a weekly KPI meeting which is more oriented towards reviewing KPIs like speed to reply to customer support tickets, time to write show notes, total hours and average hours worked by department,  and marketing KPIs. We have a Level 10 meeting where we review larger ongoing issues and monitor our company rocks.
Each team (i.e. PM team, content marketing team, developers) has a short daily standup meetings. There are other regular meetings as well but those are the core meetings. 
","yes - we have extensive SOPs. They are documented in Sweet Process and Clickup. ","We have a dedicated Client Success Manager who meets with the clients face to face via Zoom. We have a unified email inbox (we call it the ""VIP Client Email"") which is monitored 24/7 by our team so they respond to any incoming email questions. ","Stripe & Moonclerk","It is mostly not an issue because 95%+ of our work is paid for in advance. But for those rare projects which are not billed in advance, we have automated reminders + manual follow-up by Controller. ","Monthly subscription with an initial period of 7 month minimum, after which it goes to month to month. ","John and Jeremy have designed the business so either of us can step in for the other if needed. For the past few summers, due to his kids' summer schedules, John has stepped away for 4-5 weeks and has managed his workload on a limited schedule (typically 2-3 days per week). Jeremy has taken shorter periods of time away - typically 1 week at a time. But he could step away for 2-3 weeks if needed."